Sample ID,CulvertID,Culvert Local X,Culvert Local Y,Sample Name
1,1,763,581,1.tif
1,2,650.1247,590.4109,1.tif
1,3,759.4317,375.5078,1.tif
2,1,173.8753,362.5891,2.tif
2,2,61,372,2.tif
2,3,170.307,157.0969,2.tif
3,1,772.5683,693.4922,3.tif
3,2,659.693,702.9031,3.tif
3,3,769,488,3.tif
4,4,604,277,4.tif
4,5,503.3899,225.3403,4.tif
5,4,288.6101,150.6597,5.tif
5,5,188,99,5.tif
6,4,390.4583,740.3723,6.tif
6,5,289.8482,688.7126,6.tif
6,6,254,48,6.tif
7,7,213,452,7.tif
8,7,7.8627,266.0794,8.tif
8,8,693,146,8.tif
9,9,436,103,9.tif
10,10,482,3,10.tif
11,10,573.4117,67.1496,11.tif
11,11,34,311,11.tif
12,12,274,585,12.tif
12,13,5.7636,652.3335,12.tif
12,14,15.0934,43.1896,12.tif
13,12,315.2364,665.6665,13.tif
13,13,47,733,13.tif
13,14,56.3298,123.8561,13.tif
14,12,532.9066,787.8104,14.tif
14,14,274,246,14.tif
15,14,346.0973,460.2145,15.tif
15,15,637,196,15.tif
16,16,230,294,16.tif
17,17,154,175,17.tif
18,18,652,335,18.tif
19,19,421,535,19.tif
20,20,441,112,20.tif
20,21,562.8503,111.1991,20.tif
20,23,754.1107,637.4939,20.tif
20,24,700.6991,638.2339,20.tif
20,25,593.7647,630.637,20.tif
20,26,531.6752,624.5284,20.tif
20,27,506.2903,614.5877,20.tif
20,28,413.2493,614.9676,20.tif
20,29,314.1668,681.7988,20.tif
21,20,142.1497,331.8009,21.tif
21,21,264,331,21.tif
22,22,481,265,22.tif
22,23,425.4084,265.4975,22.tif
22,24,371.9968,266.2375,22.tif
22,25,265.0624,258.6406,22.tif
22,26,202.9729,252.532,22.tif
22,27,177.588,242.5913,22.tif
22,28,84.547,242.9712,22.tif
23,22,382.5916,433.5025,23.tif
23,23,327,434,23.tif
23,24,273.5884,434.74,23.tif
23,25,166.654,427.1431,23.tif
23,26,104.5645,421.0345,23.tif
23,27,79.1796,411.0938,23.tif
24,22,779.0032,143.7625,24.tif
24,23,723.4116,144.26,24.tif
24,24,670,145,24.tif
24,25,563.0656,137.4031,24.tif
24,26,500.9761,131.2945,24.tif
24,27,475.5912,121.3538,24.tif
24,28,382.5502,121.7337,24.tif
24,29,283.4677,188.5649,24.tif
25,22,403.9376,225.3594,25.tif
25,23,348.346,225.8569,25.tif
25,24,294.9344,226.5969,25.tif
25,25,188,219,25.tif
25,26,125.9105,212.8914,25.tif
25,27,100.5256,202.9507,25.tif
25,28,7.4846,203.3306,25.tif
26,24,751.0239,223.7055,26.tif
26,25,644.0895,216.1086,26.tif
26,26,582,210,26.tif
26,27,556.6151,200.0593,26.tif
26,28,463.5741,200.4392,26.tif
26,29,364.4916,267.2704,26.tif
27,27,783,231,27.tif
27,28,689.959,231.3799,27.tif
27,29,590.8765,298.2111,27.tif
28,22,535.453,460.0288,28.tif
28,23,479.8614,460.5263,28.tif
28,24,426.4498,461.2663,28.tif
28,25,319.5154,453.6694,28.tif
28,26,257.4259,447.5608,28.tif
28,27,232.041,437.6201,28.tif
28,28,139,438,28.tif
28,29,39.9175,504.8312,28.tif
29,22,665.5355,450.1976,29.tif
29,23,609.9439,450.6951,29.tif
29,24,556.5323,451.4351,29.tif
29,25,449.5979,443.8382,29.tif
29,26,387.5084,437.7296,29.tif
29,27,362.1235,427.7889,29.tif
29,28,269.0825,428.1688,29.tif
29,29,170,495,29.tif
30,30,211,171,30.tif
31,31,333,308,31.tif
32,32,306,685,32.tif
33,33,562,491,33.tif
33,34,513.1529,493.3787,33.tif
34,33,172.8471,55.6213,34.tif
34,34,124,58,34.tif
35,35,17,618,35.tif
36,36,695,160,36.tif
37,37,316,784,37.tif
38,38,720,796,38.tif
39,39,352,266,39.tif
40,40,371,213,40.tif
41,41,609,720,41.tif
42,42,115,369,42.tif
43,43,611,406,43.tif
44,44,730,315,44.tif
45,45,250,91,45.tif
46,46,684,584,46.tif
47,47,565,124,47.tif
48,48,58,547,48.tif
49,49,195,548,49.tif
50,50,443,207,50.tif
51,51,716,415,51.tif
52,52,41,509,52.tif
52,53,132.2946,488.6381,52.tif
53,52,522.7054,334.3619,53.tif
53,53,614,314,53.tif
54,54,728,175,54.tif
55,55,453,210,55.tif
56,56,778,186,56.tif
57,52,553.3079,763.8797,57.tif
57,53,644.6025,743.5178,57.tif
57,57,644,43,57.tif
58,58,203,305,58.tif
58,59,241.2985,178.3655,58.tif
58,60,208.903,565.8737,58.tif
59,58,67.7015,780.6345,59.tif
59,59,106,654,59.tif
60,58,510.097,372.1263,60.tif
60,59,548.3955,245.4918,60.tif
60,60,516,633,60.tif
61,14,497.7631,544.8897,61.tif
61,15,788.6658,280.6752,61.tif
61,61,505,68,61.tif
62,62,371,313,62.tif
62,76,472.8815,418.7303,62.tif
63,63,796,150,63.tif
64,64,314,87,64.tif
65,65,336,402,65.tif
66,66,770,325,66.tif
67,67,296,143,67.tif
68,68,209,376,68.tif
68,69,191.4166,351.9073,68.tif
69,68,305.5834,275.0927,69.tif
69,69,288,251,69.tif
70,70,264,258,70.tif
70,892,534.6364,76.3107,70.tif
71,71,727,772,71.tif
72,72,396,124,72.tif
73,73,662,10,73.tif
73,74,519.2198,13.3779,73.tif
74,73,386.7802,709.6221,74.tif
74,74,244,713,74.tif
75,75,320,369,75.tif
76,76,430,26,76.tif
77,77,675,754,77.tif
78,78,631,554,78.tif
79,79,416,785,79.tif
80,80,589,64,80.tif
81,81,506,736,81.tif
82,82,158,711,82.tif
82,83,221.2286,658.9897,82.tif
83,82,187.7714,218.0103,83.tif
83,83,251,166,83.tif
84,84,245,529,84.tif
85,85,42,688,85.tif
86,86,459,641,86.tif
87,87,174,450,87.tif
88,87,721.3699,449.7546,88.tif
88,88,205,456,88.tif
89,89,435,669,89.tif
89,90,429.3034,655.6388,89.tif
90,89,475.6966,662.3612,90.tif
90,90,470,649,90.tif
91,89,102.6459,693.6271,91.tif
91,90,96.9493,680.2659,91.tif
91,91,792,682,91.tif
92,92,648,251,92.tif
93,93,77,495,93.tif
93,94,290.4797,404.3597,93.tif
93,95,516.6515,582.0026,93.tif
94,91,354.5777,238.073,94.tif
94,93,477.5203,145.6403,94.tif
94,94,691,55,94.tif
95,95,102,206,95.tif
96,96,288,737,96.tif
97,97,10,12,97.tif
98,98,247,727,98.tif
98,99,239.5476,767.3327,98.tif
99,98,116.4524,593.6673,99.tif
99,99,109,634,99.tif
100,100,551,30,100.tif
101,101,193,58,101.tif
102,102,465,798,102.tif
103,103,566,419,103.tif
104,104,781,314,104.tif
105,105,631,585,105.tif
105,106,742.1706,511.9776,105.tif
106,105,604.8294,342.0224,106.tif
106,106,716,269,106.tif
107,105,326.2945,757.6458,107.tif
107,106,437.4651,684.6234,107.tif
107,107,549,620,107.tif
108,108,278,646,108.tif
109,109,634,126,109.tif
110,110,190,520,110.tif
111,111,797,471,111.tif
112,112,600,92,112.tif
112,113,205.6662,161.055,112.tif
113,113,673,776,113.tif
114,114,18,11,114.tif
115,115,530,582,115.tif
116,116,578,125,116.tif
116,117,577.1784,8.0164,116.tif
117,116,668.8216,664.9836,117.tif
117,117,668,548,117.tif
118,118,552,574,118.tif
119,119,258,11,119.tif
120,120,250,551,120.tif
120,122,246.7502,12.2273,120.tif
121,121,788,774,121.tif
122,122,246,656,122.tif
122,123,198.0734,371.5164,122.tif
123,122,392.9266,771.4836,123.tif
123,123,345,487,123.tif
124,124,195,518,124.tif
124,125,191.0518,273.8305,124.tif
125,124,100.9482,623.1695,125.tif
125,125,97,379,125.tif
126,126,620,460,126.tif
127,127,579,432,127.tif
128,128,627,534,128.tif
129,129,66,225,129.tif
130,130,349,30,130.tif
130,131,74.9387,28.4748,130.tif
131,130,655.0613,113.5252,131.tif
131,131,381,112,131.tif
132,132,461,498,132.tif
132,133,447.0464,482.0128,132.tif
132,134,455.0542,478.8146,132.tif
133,132,396.9536,419.9872,133.tif
133,133,383,404,133.tif
133,134,391.0078,400.8018,133.tif
134,132,721.9458,82.1854,134.tif
134,133,707.9922,66.1982,134.tif
134,134,716,63,134.tif
135,135,688,268,135.tif
136,136,307,345,136.tif
137,137,80,568,137.tif
138,138,403,259,138.tif
139,139,658,493,139.tif
140,140,423,204,140.tif
141,141,591,643,141.tif
142,142,430,145,142.tif
143,143,716,350,143.tif
143,144,639.4559,754.5549,143.tif
143,145,586.8015,775.3982,143.tif
144,143,396.5441,147.4451,144.tif
144,144,320,552,144.tif
144,145,267.3456,572.8433,144.tif
144,146,263.2392,745.2685,144.tif
145,144,89.6544,262.1567,145.tif
145,145,37,283,145.tif
145,146,32.8936,455.4252,145.tif
146,137,341.5105,785.5006,146.tif
146,146,327,105,146.tif
147,147,229,412,147.tif
148,148,409,374,148.tif
149,149,56,232,149.tif
150,150,793,783,150.tif
151,151,274,644,151.tif
152,152,792,733,152.tif
153,153,55,168,153.tif
154,154,510,415,154.tif
155,155,214,231,155.tif
156,156,650,408,156.tif
157,157,461,511,157.tif
158,158,606,538,158.tif
158,159,657.6954,522.9868,158.tif
158,160,753.6546,504.4184,158.tif
159,158,325.3046,752.0132,159.tif
159,159,377,737,159.tif
159,160,472.9592,718.4316,159.tif
159,161,619.125,632.5573,159.tif
159,162,702.0945,587.3125,159.tif
160,158,215.3454,367.5816,160.tif
160,159,267.0408,352.5684,160.tif
160,160,363,334,160.tif
160,161,509.1658,248.1257,160.tif
160,162,592.1353,202.8809,160.tif
161,158,15.1796,542.4559,161.tif
161,159,66.875,527.4427,161.tif
161,160,162.8342,508.8743,161.tif
161,161,309,423,161.tif
161,162,391.9695,377.7552,161.tif
162,159,8.9055,501.6875,162.tif
162,160,104.8647,483.1191,162.tif
162,161,251.0305,397.2448,162.tif
162,162,334,352,162.tif
163,163,430,741,163.tif
164,164,288,468,164.tif
164,165,170.2789,345.384,164.tif
165,164,794.7211,663.616,165.tif
165,165,677,541,165.tif
166,166,61,715,166.tif
167,167,119,50,167.tif
168,168,672,160,168.tif
168,169,556.906,61.4376,168.tif
169,168,619.094,354.5624,169.tif
169,169,504,256,169.tif
169,170,614.3564,165.0997,169.tif
169,171,793.1308,44.4611,169.tif
170,168,138.7376,783.4627,170.tif
170,169,23.6436,684.9003,170.tif
170,170,134,594,170.tif
170,171,312.7744,473.3614,170.tif
170,172,343.4271,483.5201,170.tif
171,168,159.9632,554.1013,171.tif
171,169,44.8692,455.5389,171.tif
171,170,155.2256,364.6386,171.tif
171,171,334,244,171.tif
171,172,364.6527,254.1587,171.tif
172,168,542.3105,564.9426,172.tif
172,169,427.2165,466.3802,172.tif
172,170,537.5729,375.4799,172.tif
172,171,716.3473,254.8413,172.tif
172,172,747,265,172.tif
173,173,795,619,173.tif
173,174,344.9995,766.85,173.tif
174,174,660,643,174.tif
174,176,214.3087,505.1888,174.tif
174,177,236.2504,543.4658,174.tif
175,175,92,382,175.tif
176,176,426,498,176.tif
176,177,447.9417,536.277,176.tif
177,176,571.0583,413.723,177.tif
177,177,593,452,177.tif
178,178,66,511,178.tif
179,179,317,747,179.tif
180,179,190.9346,534.8412,180.tif
180,180,773,114,180.tif
181,181,172,532,181.tif
182,182,385,240,182.tif
183,183,134,480,183.tif
184,184,471,314,184.tif
185,185,440,339,185.tif
186,186,563,654,186.tif
187,187,200,473,187.tif
188,188,578,15,188.tif
189,189,748,523,189.tif
190,190,629,83,190.tif
191,191,417,581,191.tif
192,192,612,665,192.tif
193,193,743,637,193.tif
194,194,762,698,194.tif
195,194,299.5352,28.018,195.tif
195,195,541,75,195.tif
196,196,636,498,196.tif
196,918,429.0709,545.9165,196.tif
197,197,222,451,197.tif
197,920,47.5994,86.9595,197.tif
198,197,529.3609,493.9071,198.tif
198,198,77,74,198.tif
198,919,140.0192,59.5391,198.tif
198,920,354.9603,129.8666,198.tif
199,199,37,782,199.tif
200,200,499,54,200.tif
201,201,294,780,201.tif
202,201,627.6365,281.0307,202.tif
202,202,567,659,202.tif
202,939,319.5503,104.062,202.tif
203,203,356,730,203.tif
204,204,595,551,204.tif
205,205,121,156,205.tif
206,206,736,439,206.tif
207,207,26,549,207.tif
208,208,1,484,208.tif
208,225,575.8381,21.6123,208.tif
209,209,735,41,209.tif
209,210,757.3953,721.4772,209.tif
210,210,790,370,210.tif
210,212,626.5165,664.1283,210.tif
211,211,139,431,211.tif
212,212,238,245,212.tif
213,213,113,711,213.tif
213,215,494.8637,134.0275,213.tif
213,216,519.3244,604.6196,213.tif
214,214,548,591,214.tif
215,215,468,759,215.tif
215,223,461.5915,248.429,215.tif
215,224,455.0117,10.1547,215.tif
216,215,119.5393,175.4079,216.tif
216,216,144,646,216.tif
217,217,188,379,217.tif
217,218,200.9653,779.6973,217.tif
218,217,326.0347,114.3027,218.tif
218,218,339,515,218.tif
219,219,309,427,219.tif
219,220,552.1074,425.6592,219.tif
219,221,468.0496,401.9417,219.tif
219,222,360.6973,338.4927,219.tif
220,219,340.8926,80.3408,220.tif
220,220,584,79,220.tif
220,221,499.9422,55.2825,220.tif
221,219,88.9504,497.0583,221.tif
221,220,332.0578,495.7175,221.tif
221,221,248,472,221.tif
221,222,140.6477,408.551,221.tif
222,219,632.3027,524.5073,222.tif
222,221,791.3523,499.449,222.tif
222,222,684,436,222.tif
223,215,734.4085,750.571,223.tif
223,223,728,240,223.tif
223,224,721.4202,1.7257,223.tif
224,224,98,762,224.tif
225,225,98,264,225.tif
226,226,211,67,226.tif
227,227,79,574,227.tif
228,228,609,245,228.tif
229,229,735,51,229.tif
230,230,57,696,230.tif
231,231,264,315,231.tif
232,232,438,77,232.tif
233,233,384,324,233.tif
233,234,175.5629,679.1384,233.tif
234,234,607,577,234.tif
235,235,564,7,235.tif
236,236,121,703,236.tif
237,237,66,457,237.tif
238,238,57,579,238.tif
239,239,209,672,239.tif
240,240,363,586,240.tif
241,241,617,518,241.tif
241,242,599.2513,3.920600001,241.tif
242,242,437,611,242.tif
243,243,358,341,243.tif
244,244,27,780,244.tif
245,245,764,641,245.tif
246,246,583,151,246.tif
247,247,200,189,247.tif
248,248,100,268,248.tif
249,249,100,698,249.tif
250,250,561,334,250.tif
250,251,524.6685,390.8931,250.tif
251,250,624.3315,641.1069,251.tif
251,251,588,698,251.tif
252,252,86,84,252.tif
253,253,578,644,253.tif
254,254,521,58,254.tif
255,255,551,308,255.tif
256,256,41,425,256.tif
257,257,127,447,257.tif
258,258,338,552,258.tif
259,259,657,177,259.tif
260,260,368,144,260.tif
261,261,244,270,261.tif
262,262,496,311,262.tif
263,263,527,462,263.tif
264,264,174,366,264.tif
265,265,783,112,265.tif
266,266,42,299,266.tif
267,267,26,673,267.tif
268,268,300,271,268.tif
269,269,401,429,269.tif
269,270,309.6533,340.7336,269.tif
270,268,534.5595,764.1566,270.tif
270,269,613.3467,335.2664,270.tif
270,270,522,247,270.tif
271,271,111,702,271.tif
272,272,185,267,272.tif
273,273,171,501,273.tif
274,274,293,196,274.tif
275,275,438,122,275.tif
275,276,451.9832,711.9986,275.tif
276,276,584,67,276.tif
277,277,545,214,277.tif
278,278,488,13,278.tif
279,279,381,244,279.tif
280,280,76,148,280.tif
281,281,550,800,281.tif
282,282,641,641,282.tif
283,283,549,703,283.tif
283,284,427.286,476.6582,283.tif
284,284,389,797,284.tif
285,285,793,90,285.tif
285,286,413.8303,207.0587,285.tif
286,286,748,743,286.tif
287,287,795,306,287.tif
288,288,625,406,288.tif
289,289,24,387,289.tif
290,290,126,642,290.tif
291,291,78,468,291.tif
292,292,70,571,292.tif
292,293,666.5514,256.6869,292.tif
293,293,261,441,293.tif
294,294,630,790,294.tif
295,295,430,626,295.tif
296,296,745,213,296.tif
297,296,581.3775,546.1553,297.tif
297,297,672,302,297.tif
298,298,20,753,298.tif
299,299,148,414,299.tif
299,300,771.313,414.6144,299.tif
299,301,713.3943,362.109,299.tif
300,300,303,250,300.tif
300,301,245.0813,197.4946,300.tif
301,299,78.6057,688.891,301.tif
301,300,701.9187,689.5054,301.tif
301,301,644,637,301.tif
302,302,690,364,302.tif
302,304,749.594,679.0684,302.tif
303,303,215,795,303.tif
304,302,739.406,168.9316,304.tif
304,304,799,484,304.tif
305,305,544,696,305.tif
305,306,108.9339,53.9117,305.tif
306,305,519.0661,705.0883,306.tif
306,306,84,63,306.tif
307,307,40,697,307.tif
308,308,382,526,308.tif
309,309,372,768,309.tif
310,310,203,449,310.tif
311,310,615.028,639.9418,311.tif
311,311,343,145,311.tif
312,312,151,629,312.tif
313,313,728,47,313.tif
314,314,328,772,314.tif
314,315,267.7785,46.1093,314.tif
315,315,772,366,315.tif
316,316,427,482,316.tif
317,317,481,498,317.tif
318,318,684,330,318.tif
319,319,65,615,319.tif
320,320,386,682,320.tif
321,321,260,186,321.tif
322,322,408,25,322.tif
323,323,633,798,323.tif
323,324,612.4671,188.0045,323.tif
324,324,663,591,324.tif
325,325,756,336,325.tif
326,326,237,430,326.tif
327,327,215,43,327.tif
327,328,636.6857,32.7469,327.tif
328,327,159.3143,209.2531,328.tif
328,328,581,199,328.tif
329,329,15,615,329.tif
329,331,793.6974,719.1593,329.tif
330,330,162,250,330.tif
331,331,745,776,331.tif
332,331,149.1384,514.7759,332.tif
332,332,653,363,332.tif
333,333,212,337,333.tif
334,334,621,216,334.tif
335,335,120,694,335.tif
335,336,537.013,495.3431,335.tif
336,336,372,589,336.tif
337,337,561,564,337.tif
337,338,556.294,234.6382,337.tif
338,337,346.706,536.3618,338.tif
338,338,342,207,338.tif
339,339,46,497,339.tif
340,340,603,161,340.tif
341,341,43,452,341.tif
342,342,742,630,342.tif
343,343,206,289,343.tif
344,344,549,608,344.tif
345,345,99,362,345.tif
346,346,327,447,346.tif
347,347,560,537,347.tif
348,348,293,273,348.tif
348,349,433.5209,245.9827,348.tif
349,347,184.5851,694.7715,349.tif
349,348,568.4791,692.0173,349.tif
349,349,709,665,349.tif
350,350,297,267,350.tif
351,351,554,216,351.tif
352,352,705,192,352.tif
353,353,460,731,353.tif
354,354,235,298,354.tif
354,355,231.269,193.8546,354.tif
355,354,246.731,239.1454,355.tif
355,355,243,135,355.tif
356,356,519,423,356.tif
357,357,223,762,357.tif
357,358,676.1847,411.1424,357.tif
358,358,783,635,358.tif
359,359,531,513,359.tif
360,360,360,12,360.tif
360,361,352.7975,24.5408,360.tif
361,361,246,12,361.tif
362,362,731,754,362.tif
363,363,119,546,363.tif
364,364,454,534,364.tif
365,365,563,335,365.tif
366,366,707,494,366.tif
367,367,65,91,367.tif
368,368,60,31,368.tif
369,369,464,562,369.tif
370,370,540,585,370.tif
371,371,49,128,371.tif
372,372,156,318,372.tif
373,373,128,275,373.tif
374,373,222.8448,90.5474,374.tif
374,374,22,369,374.tif
375,375,376,435,375.tif
376,376,30,234,376.tif
377,377,364,415,377.tif
378,378,32,483,378.tif
379,379,562,545,379.tif
379,380,582.0722,543.1069,379.tif
379,381,583.0326,571.3924,379.tif
380,379,676.9278,107.8931,380.tif
380,380,697,106,380.tif
380,381,697.9604,134.2855,380.tif
381,379,301.9674,335.6076,381.tif
381,380,322.0396,333.7145,381.tif
381,381,323,362,381.tif
382,382,239,335,382.tif
382,383,433.4815,334.4858,382.tif
383,383,129,338,383.tif
384,384,782,175,384.tif
384,385,763.7894,247.6426,384.tif
385,384,96.2106,455.3574,385.tif
385,385,78,528,385.tif
386,386,631,59,386.tif
387,387,244,676,387.tif
388,388,32,600,388.tif
388,389,335.0091,598.0952,388.tif
389,389,191,544,389.tif
390,390,20,58,390.tif
390,391,751.6619,59.0114,390.tif
391,391,165,694,391.tif
392,392,743,692,392.tif
393,393,152,561,393.tif
393,394,77.857,578.084,393.tif
394,393,520.143,297.916,394.tif
394,394,446,315,394.tif
395,395,658,625,395.tif
396,396,474,404,396.tif
397,396,374.2624,692.4191,397.tif
397,397,372,199,397.tif
398,398,517,455,398.tif
399,399,773,724,399.tif
399,905,783.2482,715.1571,399.tif
400,400,19,306,400.tif
401,401,450,265,401.tif
402,402,519,681,402.tif
403,403,592,72,403.tif
404,404,308,114,404.tif
405,405,390,144,405.tif
405,406,181.2607,268.8359,405.tif
406,406,639,588,406.tif
407,407,295,13,407.tif
408,408,165,286,408.tif
409,409,190,274,409.tif
410,410,120,166,410.tif
410,411,468.7925,166.7132,410.tif
411,410,237.2075,601.2868,411.tif
411,411,586,602,411.tif
412,412,734,339,412.tif
413,413,210,504,413.tif
414,414,473,606,414.tif
414,415,744.0274,607.7827,414.tif
415,414,453.9726,671.2173,415.tif
415,415,725,673,415.tif
416,416,509,628,416.tif
417,417,103,738,417.tif
418,418,154,731,418.tif
419,419,234,778,419.tif
420,420,686,264,420.tif
421,421,30,425,421.tif
422,422,276,792,422.tif
422,423,254.8072,789.1589,422.tif
423,422,285.1928,11.8411,423.tif
423,423,264,9,423.tif
424,424,59,144,424.tif
425,425,571,592,425.tif
426,426,539,493,426.tif
427,427,757,766,427.tif
428,428,506,489,428.tif
429,429,694,126,429.tif
430,430,555,217,430.tif
431,431,76,696,431.tif
431,867,431.1464,698.2081,431.tif
432,432,634,423,432.tif
433,433,451,86,433.tif
434,434,253,350,434.tif
435,435,239,753,435.tif
436,435,92.1032,36.5653,436.tif
436,436,97,775,436.tif
437,437,516,545,437.tif
438,438,234,703,438.tif
439,439,691,580,439.tif
440,437,193.0766,202.8311,440.tif
440,440,503,203,440.tif
441,441,468,737,441.tif
442,442,787,308,442.tif
443,443,527,255,443.tif
444,444,294,147,444.tif
445,445,16,95,445.tif
446,446,139,494,446.tif
447,447,25,269,447.tif
448,448,251,620,448.tif
449,449,720,386,449.tif
450,450,748,39,450.tif
451,451,637,713,451.tif
452,452,320,2,452.tif
452,453,618.3934,0.9799,452.tif
453,452,78.6066,448.0201,453.tif
453,453,377,447,453.tif
454,454,512,63,454.tif
455,454,386.6654,443.6142,455.tif
455,455,745,443,455.tif
456,456,203,51,456.tif
457,457,465,626,457.tif
458,458,402,8,458.tif
459,459,483,683,459.tif
460,460,84,484,460.tif
460,463,676.1702,483.6534,460.tif
461,461,585,370,461.tif
462,460,769.3892,295.8108,462.tif
462,462,476,794,462.tif
463,463,312,798,463.tif
464,464,71,287,464.tif
465,465,716,141,465.tif
466,466,153,649,466.tif
466,467,141.0715,639.6524,466.tif
467,466,629.9285,253.3476,467.tif
467,467,618,244,467.tif
468,468,257,619,468.tif
469,469,668,103,469.tif
470,470,130,158,470.tif
471,471,502,776,471.tif
472,472,701,279,472.tif
472,473,797.0746,286.5853,472.tif
472,474,373.9275,272.6917,472.tif
473,472,117.9254,702.4147,473.tif
473,473,214,710,473.tif
474,474,665,771,474.tif
474,581,533.0488,215.7118,474.tif
475,475,701,676,475.tif
476,476,726,10,476.tif
477,477,240,580,477.tif
477,582,710.6913,517.2759,477.tif
478,478,587,362,478.tif
479,479,288,174,479.tif
480,480,702,82,480.tif
481,481,399,286,481.tif
482,482,460,619,482.tif
483,483,640,331,483.tif
484,484,250,300,484.tif
485,485,590,588,485.tif
486,486,606,444,486.tif
486,487,165.7341,186.0594,486.tif
487,487,109,656,487.tif
488,488,24,258,488.tif
489,489,395,381,489.tif
489,490,46.5343,191.6118,489.tif
490,489,625.4657,197.3882,490.tif
490,490,277,8,490.tif
491,491,455,556,491.tif
492,492,692,730,492.tif
493,493,275,740,493.tif
494,494,681,584,494.tif
495,495,520,795,495.tif
495,496,787.3266,582.6933,495.tif
496,496,183,359,496.tif
497,497,418,105,497.tif
497,498,470.1871,465.6631,497.tif
498,497,357.8129,212.3369,498.tif
498,498,410,573,498.tif
499,499,172,507,499.tif
499,501,118.0649,547.4866,499.tif
500,500,230,179,500.tif
501,499,707.9351,172.5134,501.tif
501,501,654,213,501.tif
502,502,673,576,502.tif
502,503,726.1609,526.1317,502.tif
503,502,407.8391,182.8683,503.tif
503,503,461,133,503.tif
504,504,385,394,504.tif
505,505,518,174,505.tif
505,901,746.8937,174.5913,505.tif
506,506,325,354,506.tif
507,507,251,705,507.tif
508,508,510,4,508.tif
509,509,415,97,509.tif
510,510,568,610,510.tif
510,511,529.5135,673.4147,510.tif
511,510,177.4865,56.5853,511.tif
511,511,139,120,511.tif
511,512,181.1243,366.1444,511.tif
511,513,183.9887,698.7205,511.tif
512,512,81,135,512.tif
512,513,83.8644,467.5761,512.tif
513,513,339,34,513.tif
514,514,128,114,514.tif
514,516,326.3705,268.7773,514.tif
515,515,437,639,515.tif
516,516,140,432,516.tif
517,517,782,173,517.tif
518,518,3,378,518.tif
519,519,707,126,519.tif
520,520,551,483,520.tif
521,521,541,319,521.tif
522,522,615,490,522.tif
523,523,571,142,523.tif
523,524,435.1238,512.8351,523.tif
524,524,487,302,524.tif
525,525,784,315,525.tif
526,526,781,353,526.tif
527,527,573,91,527.tif
528,528,269,444,528.tif
529,529,199,274,529.tif
530,530,438,447,530.tif
531,531,43,161,531.tif
531,532,42.0471,691.7368,531.tif
532,532,540,200,532.tif
533,533,600,138,533.tif
533,534,41.1227,288.1816,533.tif
534,534,56,102,534.tif
535,534,508.2655,375.2789,535.tif
535,535,51,221,535.tif
536,536,475,166,536.tif
537,537,82,506,537.tif
538,538,399,11,538.tif
539,539,95,537,539.tif
540,540,14,591,540.tif
540,542,713.7394,91.9896,540.tif
541,541,798,588,541.tif
542,542,641,503,542.tif
543,543,119,32,543.tif
544,544,720,584,544.tif
545,545,567,97,545.tif
546,546,483,298,546.tif
547,547,307,234,547.tif
548,548,173,630,548.tif
548,549,170.1223,603.9877,548.tif
549,548,67.8777,446.0123,549.tif
549,549,65,420,549.tif
550,550,508,741,550.tif
551,551,336,55,551.tif
552,552,64,779,552.tif
553,553,795,774,553.tif
554,553,475.4671,90.6645,554.tif
554,554,117,643,554.tif
555,555,706,360,555.tif
556,556,785,621,556.tif
557,557,641,706,557.tif
558,558,347,664,558.tif
559,559,280,174,559.tif
560,560,282,135,560.tif
561,561,271,147,561.tif
562,562,770,351,562.tif
563,563,15,164,563.tif
563,564,2.1054,189.9189,563.tif
564,563,315.8946,432.0811,564.tif
564,564,303,458,564.tif
565,565,578,357,565.tif
566,566,311,696,566.tif
567,567,188,3,567.tif
568,568,81,111,568.tif
569,569,794,24,569.tif
570,570,442,141,570.tif
571,571,267,215,571.tif
572,572,351,350,572.tif
573,573,311,425,573.tif
574,574,581,448,574.tif
575,575,333,505,575.tif
575,577,566.732,61.2032,575.tif
576,576,694,405,576.tif
577,575,409.268,505.7968,577.tif
577,577,643,62,577.tif
578,578,458,621,578.tif
579,579,296,244,579.tif
580,580,359,341,580.tif
581,581,112,332,581.tif
582,582,213,288,582.tif
583,583,566,706,583.tif
584,584,577,543,584.tif
585,585,469,550,585.tif
586,586,529,385,586.tif
586,587,517.8731,394.3756,586.tif
587,586,778.1269,230.6244,587.tif
587,587,767,240,587.tif
588,588,490,360,588.tif
588,589,478.4148,383.5111,588.tif
589,588,708.5852,329.4889,589.tif
589,589,697,353,589.tif
590,590,257,217,590.tif
591,591,797,441,591.tif
592,592,55,359,592.tif
593,593,285,273,593.tif
594,594,387,282,594.tif
595,595,536,653,595.tif
596,596,300,94,596.tif
597,597,142,165,597.tif
598,598,245,29,598.tif
599,599,245,411,599.tif
599,600,229.1027,419.3736,599.tif
600,599,177.8973,458.6264,600.tif
600,600,162,467,600.tif
601,601,280,284,601.tif
602,602,558,329,602.tif
603,603,406,244,603.tif
604,604,264,64,604.tif
605,605,738,134,605.tif
606,606,350,691,606.tif
606,607,351.3039,375.9843,606.tif
606,611,2.5083,102.0357,606.tif
606,612,425.9986,333.0909,606.tif
606,613,424.4529,220.7055,606.tif
606,614,422.5649,190.8875,606.tif
606,615,395.7858,152.2806,606.tif
606,616,353.3313,132.8165,606.tif
606,617,220.6469,109.8828,606.tif
606,618,214.9646,44.3555,606.tif
606,619,211.098,1.9412,606.tif
607,607,223,781,607.tif
607,612,297.6947,738.1066,607.tif
607,613,296.149,625.7212,607.tif
607,614,294.261,595.9032,607.tif
607,615,267.4819,557.2963,607.tif
607,616,225.0274,537.8322,607.tif
607,617,92.343,514.8985,607.tif
607,618,86.6607,449.3712,607.tif
607,619,82.7941,406.9569,607.tif
608,608,616,3,608.tif
609,609,584,595,609.tif
609,610,614.1212,509.4234,609.tif
609,611,618.3497,479.8111,609.tif
610,606,667.7202,573.352,610.tif
610,607,669.0241,258.3363,610.tif
610,609,285.8788,99.5766,610.tif
610,610,316,14,610.tif
610,612,743.7188,215.4429,610.tif
610,613,742.1731,103.0575,610.tif
610,614,740.2851,73.2395,610.tif
610,615,713.506,34.6326,610.tif
610,616,671.0515,15.1685,610.tif
611,607,543.7956,777.9486,611.tif
611,609,160.6503,619.1889,611.tif
611,610,190.7715,533.6123,611.tif
611,611,195,504,611.tif
611,612,618.4903,735.0552,611.tif
611,613,616.9446,622.6698,611.tif
611,614,615.0566,592.8518,611.tif
611,615,588.2775,554.2449,611.tif
611,616,545.823,534.7808,611.tif
611,617,413.1386,511.8471,611.tif
611,618,407.4563,446.3198,611.tif
611,619,403.5897,403.9055,611.tif
612,606,693.0014,659.9091,612.tif
612,607,694.3053,344.8934,612.tif
612,609,311.16,186.1337,612.tif
612,610,341.2812,100.5571,612.tif
612,611,345.5097,70.9448,612.tif
612,612,769,302,612.tif
612,613,767.4543,189.6146,612.tif
612,614,765.5663,159.7966,612.tif
612,615,738.7872,121.1897,612.tif
612,616,696.3327,101.7256,612.tif
612,617,563.6483,78.7919,612.tif
612,618,557.966,13.2646,612.tif
613,612,66.5457,388.3854,613.tif
613,613,65,276,613.tif
613,614,63.112,246.182,613.tif
613,615,36.3329,207.5751,613.tif
614,612,65.4337,237.2034,614.tif
614,613,63.888,124.818,614.tif
614,614,62,95,614.tif
614,615,35.2209,56.3931,614.tif
615,606,577.2142,566.7194,615.tif
615,607,578.5181,251.7037,615.tif
615,609,195.3728,92.944,615.tif
615,610,225.494,7.3674,615.tif
615,612,653.2128,208.8103,615.tif
615,613,651.6671,96.4249,615.tif
615,614,649.7791,66.6069,615.tif
615,615,623,28,615.tif
615,616,580.5455,8.5359,615.tif
616,607,116.9726,713.1678,616.tif
616,612,191.6673,670.2744,616.tif
616,613,190.1216,557.889,616.tif
616,614,188.2336,528.071,616.tif
616,615,161.4545,489.4641,616.tif
616,616,119,470,616.tif
617,615,337.1389,775.3978,617.tif
617,616,294.6844,755.9337,617.tif
617,617,162,733,617.tif
617,618,156.3177,667.4727,617.tif
617,619,152.4511,625.0584,617.tif
618,606,168.0354,672.6445,618.tif
618,607,169.3393,357.6288,618.tif
618,612,244.034,314.7354,618.tif
618,613,242.4883,202.35,618.tif
618,614,240.6003,172.532,618.tif
618,615,213.8212,133.9251,618.tif
618,616,171.3667,114.461,618.tif
618,617,38.6823,91.5273,618.tif
618,618,33,26,618.tif
619,607,736.2059,553.0431,619.tif
619,609,353.0606,394.2834,619.tif
619,610,383.1818,308.7068,619.tif
619,611,387.4103,279.0945,619.tif
619,615,780.6878,329.3394,619.tif
619,616,738.2333,309.8753,619.tif
619,617,605.5489,286.9416,619.tif
619,618,599.8666,221.4143,619.tif
619,619,596,179,619.tif
620,620,782,36,620.tif
621,621,438,264,621.tif
622,622,533,562,622.tif
623,623,779,452,623.tif
624,624,737,268,624.tif
625,625,455,635,625.tif
625,626,366.6796,568.0872,625.tif
626,625,491.3204,517.9128,626.tif
626,626,403,451,626.tif
627,627,574,375,627.tif
628,628,536,491,628.tif
628,629,528.6955,97.6015,628.tif
628,630,546.1039,98.003,628.tif
628,631,537.4062,222.4555,628.tif
629,628,195.3045,435.3985,629.tif
629,629,188,42,629.tif
629,630,205.4084,42.4015,629.tif
629,631,196.7107,166.854,629.tif
630,628,157.8961,675.997,630.tif
630,629,150.5916,282.5985,630.tif
630,630,168,283,630.tif
630,631,159.3023,407.4525,630.tif
631,628,374.5938,644.5445,631.tif
631,629,367.2893,251.146,631.tif
631,630,384.6977,251.5475,631.tif
631,631,376,376,631.tif
632,632,693,631,632.tif
632,719,524.1746,408.6478,632.tif
633,632,370.897,34.9911,633.tif
633,633,646,35,633.tif
634,634,626,454,634.tif
635,635,603,14,635.tif
635,636,751.0811,14.5186,635.tif
636,635,624.9189,107.4814,636.tif
636,636,773,108,636.tif
637,637,67,799,637.tif
638,638,502,73,638.tif
639,639,663,72,639.tif
640,640,417,636,640.tif
641,641,290,491,641.tif
642,642,108,337,642.tif
643,643,142,52,643.tif
643,707,611.922,52.5382,643.tif
644,644,373,32,644.tif
645,644,485.9255,248.7333,645.tif
645,645,533,76,645.tif
646,646,43,598,646.tif
647,647,493,752,647.tif
648,648,342,677,648.tif
648,649,349.5989,244.1966,648.tif
649,648,784.4011,773.8034,649.tif
649,649,792,341,649.tif
650,650,306,68,650.tif
651,651,458,800,651.tif
652,652,406,430,652.tif
653,653,498,655,653.tif
654,654,664,781,654.tif
655,655,638,408,655.tif
656,656,360,147,656.tif
656,657,533.1863,690.9868,656.tif
657,657,610,291,657.tif
658,658,167,696,658.tif
659,659,313,46,659.tif
660,660,678,665,660.tif
661,661,148,264,661.tif
662,662,519,567,662.tif
663,663,784,188,663.tif
664,664,138,387,664.tif
665,665,342,393,665.tif
665,666,787.8137,393.1516,665.tif
666,665,48.1863,552.8484,666.tif
666,666,494,553,666.tif
667,667,40,539,667.tif
668,668,446,379,668.tif
668,670,453.2445,1.879699999,668.tif
669,669,630,733,669.tif
669,670,63.8298,433.75,669.tif
670,670,371,471,670.tif
671,671,145,177,671.tif
671,672,336.3406,177.5477,671.tif
672,671,569.6594,660.4523,672.tif
672,672,761,661,672.tif
673,673,785,414,673.tif
674,674,635,600,674.tif
675,675,33,713,675.tif
675,676,174.9238,710.064,675.tif
676,675,528.0762,234.936,676.tif
676,676,670,232,676.tif
677,677,55,695,677.tif
678,678,663,610,678.tif
679,679,780,392,679.tif
680,680,619,762,680.tif
681,681,437,344,681.tif
682,682,20,744,682.tif
683,683,688,179,683.tif
683,684,528.9263,178.1102,683.tif
684,683,650.0737,796.8898,684.tif
684,684,491,796,684.tif
685,685,520,507,685.tif
686,686,481,532,686.tif
687,687,408,71,687.tif
688,688,723,157,688.tif
689,689,109,569,689.tif
690,690,687,233,690.tif
691,691,685,711,691.tif
692,692,53,144,692.tif
693,692,630.1311,762.0499,693.tif
693,693,468,584,693.tif
694,693,688.104,702.2881,694.tif
694,694,464,79,694.tif
695,695,267,771,695.tif
696,696,693,118,696.tif
696,698,112.0183,117.1924,696.tif
697,696,721.6442,668.2065,697.tif
697,697,688,539,697.tif
697,698,140.6625,667.3989,697.tif
698,696,688.9817,779.8076,698.tif
698,697,655.3375,650.6011,698.tif
698,698,108,779,698.tif
699,699,423,126,699.tif
700,700,184,335,700.tif
700,701,184.5382,370.4202,700.tif
701,700,417.4618,116.5798,701.tif
701,701,418,152,701.tif
702,702,743,507,702.tif
703,703,444,655,703.tif
704,704,101,779,704.tif
705,705,671,513,705.tif
705,706,266.7979,313.5529,705.tif
706,706,396,87,706.tif
707,707,449,766,707.tif
708,708,660,540,708.tif
708,709,645.6145,131.8946,708.tif
709,709,336,639,709.tif
710,710,174,796,710.tif
710,711,605.5066,795.7119,710.tif
711,710,166.4934,641.2881,711.tif
711,711,598,641,711.tif
712,712,792,246,712.tif
712,713,250.4408,244.6073,712.tif
713,713,348,59,713.tif
714,714,549,678,714.tif
715,715,761,766,715.tif
715,717,524.7615,764.4719,715.tif
716,716,346,2,716.tif
717,715,416.2385,469.5281,717.tif
717,717,180,468,717.tif
718,716,347.7539,689.4318,718.tif
718,718,348,435,718.tif
719,632,744.8254,376.3522,719.tif
719,719,576,154,719.tif
720,720,462,63,720.tif
720,721,485.0951,102.9943,720.tif
721,720,214.9049,633.0057,721.tif
721,721,238,673,721.tif
722,722,137,656,722.tif
723,723,394,761,723.tif
724,724,711,648,724.tif
724,726,398.822,254.3847,724.tif
725,725,222,62,725.tif
726,726,453,790,726.tif
726,727,371.1993,244.5579,726.tif
726,728,377.7208,11.0598,726.tif
727,727,296,261,727.tif
727,728,302.5215,27.5019,727.tif
728,727,669.4785,611.4981,728.tif
728,728,676,378,728.tif
728,729,269.9182,203.9531,728.tif
728,730,479.8844,342.6058,728.tif
729,728,675.0818,733.0469,729.tif
729,729,269,559,729.tif
729,730,478.9662,697.6527,729.tif
730,728,504.1156,676.3942,730.tif
730,729,98.0338,502.3473,730.tif
730,730,308,641,730.tif
731,731,402,498,731.tif
732,732,73,568,732.tif
733,733,419,609,733.tif
734,734,18,394,734.tif
735,735,349,197,735.tif
736,736,381,218,736.tif
737,737,564,2,737.tif
738,738,497,339,738.tif
739,739,542,290,739.tif
740,740,47,796,740.tif
741,741,447,214,741.tif
742,742,744,256,742.tif
743,743,411,216,743.tif
744,744,269,4,744.tif
745,745,495,510,745.tif
746,746,589,60,746.tif
747,747,618,743,747.tif
748,748,648,648,748.tif
749,749,69,344,749.tif
750,750,499,72,750.tif
751,751,334,179,751.tif
752,752,764,74,752.tif
753,753,762,685,753.tif
753,754,104.5453,681.8639,753.tif
754,754,671,628,754.tif
755,755,480,755,755.tif
756,756,21,707,756.tif
757,757,652,514,757.tif
758,758,779,387,758.tif
759,759,397,681,759.tif
760,760,408,46,760.tif
761,761,321,42,761.tif
761,762,348.9864,120.9437,761.tif
762,761,714.0136,632.0563,762.tif
762,762,742,711,762.tif
763,763,610,545,763.tif
764,764,621,279,764.tif
764,765,711.7448,198.7285,764.tif
765,764,705.2552,395.2715,765.tif
765,765,796,315,765.tif
766,766,338,280,766.tif
766,767,376.9115,117.1702,766.tif
767,767,433,646,767.tif
768,768,300,461,768.tif
769,769,226,98,769.tif
770,770,87,211,770.tif
771,771,216,684,771.tif
772,772,760,453,772.tif
773,773,110,237,773.tif
774,774,588,495,774.tif
775,775,242,28,775.tif
776,776,115,320,776.tif
777,777,284,554,777.tif
778,778,321,123,778.tif
779,779,36,63,779.tif
780,780,104,572,780.tif
781,781,262,37,781.tif
781,782,635.8482,499.063,781.tif
782,782,328,408,782.tif
783,783,214,455,783.tif
784,784,454,391,784.tif
785,785,290,21,785.tif
786,786,793,118,786.tif
787,787,25,193,787.tif
788,788,515,206,788.tif
788,789,458.0196,70.482,788.tif
789,788,554.9804,457.518,789.tif
789,789,498,322,789.tif
790,790,90,703,790.tif
790,791,597.951,700.017,790.tif
791,791,410,122,791.tif
792,792,585,68,792.tif
793,792,505.2549,446.7169,793.tif
793,793,776,447,793.tif
794,794,534,156,794.tif
795,795,603,617,795.tif
796,796,737,599,796.tif
797,796,216.7589,707.5503,797.tif
797,797,470,708,797.tif
798,798,167,154,798.tif
799,799,633,656,799.tif
800,800,341,146,800.tif
801,801,133,635,801.tif
802,802,209,709,802.tif
803,803,766,218,803.tif
804,804,382,434,804.tif
805,805,32,583,805.tif
806,806,404,472,806.tif
807,807,177,568,807.tif
808,808,116,232,808.tif
809,809,405,710,809.tif
810,810,209,587,810.tif
810,811,726.5958,8.9597,810.tif
811,811,590,491,811.tif
812,812,275,392,812.tif
813,813,686,124,813.tif
814,814,791,10,814.tif
814,815,791.2602,35.5251,814.tif
815,814,604.7398,637.4749,815.tif
815,815,605,663,815.tif
816,816,687,196,816.tif
817,817,506,91,817.tif
817,818,288.6071,99.7467,817.tif
818,817,508.3929,48.2533,818.tif
818,818,291,57,818.tif
819,819,178,16,819.tif
820,820,610,153,820.tif
821,821,22,325,821.tif
822,822,66,235,822.tif
823,817,47.6285,105.3176,823.tif
823,823,701,79,823.tif
824,824,289,435,824.tif
825,825,634,253,825.tif
826,826,480,657,826.tif
827,827,187,757,827.tif
828,828,16,608,828.tif
829,829,347,451,829.tif
830,830,324,693,830.tif
831,831,794,750,831.tif
831,832,465.9858,754.6209,831.tif
831,833,79.9156,762.5255,831.tif
832,831,597.0142,67.3791,832.tif
832,832,269,72,832.tif
833,833,667,341,833.tif
834,834,177,172,834.tif
834,1008,517.7024,167.9923,834.tif
835,835,32,738,835.tif
836,836,413,439,836.tif
837,837,526,472,837.tif
838,838,751,718,838.tif
839,839,0,754,839.tif
839,840,603.1384,742.3033,839.tif
840,839,135.8616,261.6967,840.tif
840,840,739,250,840.tif
840,1010,170.6155,470.7717,840.tif
841,841,477,526,841.tif
842,842,650,395,842.tif
843,843,572,327,843.tif
844,844,437,642,844.tif
845,845,87,24,845.tif
846,845,389.8849,259.5601,846.tif
846,846,719,44,846.tif
847,847,459,775,847.tif
848,848,329,411,848.tif
849,848,405.8293,50.305,849.tif
849,849,563,701,849.tif
850,850,550,15,850.tif
851,851,376,101,851.tif
852,852,529,758,852.tif
853,853,146,353,853.tif
854,854,153,215,854.tif
855,855,565,299,855.tif
856,856,203,305,856.tif
857,857,386,791,857.tif
858,858,640,755,858.tif
859,859,470,116,859.tif
860,860,30,204,860.tif
861,861,7,267,861.tif
862,862,467,334,862.tif
863,863,371,130,863.tif
864,864,629,78,864.tif
865,865,539,98,865.tif
866,866,533,666,866.tif
867,431,64.8536,388.7919,867.tif
867,867,420,391,867.tif
868,868,337,437,868.tif
869,869,121,3,869.tif
870,870,635,635,870.tif
871,871,548,192,871.tif
871,872,490.7382,205.5728,871.tif
872,872,784,273,872.tif
873,873,682,779,873.tif
874,874,759,392,874.tif
875,875,759,526,875.tif
876,876,74,182,876.tif
877,877,410,466,877.tif
877,878,390.8922,488.1073,877.tif
877,879,362.122,514.156,877.tif
878,876,724.6547,646.9026,878.tif
878,877,454.1078,165.8927,878.tif
878,878,435,188,878.tif
878,879,406.2298,214.0487,878.tif
879,877,779.878,160.844,879.tif
879,878,760.7702,182.9513,879.tif
879,879,732,209,879.tif
880,880,498,480,880.tif
881,881,721,557,881.tif
882,882,53,766,882.tif
883,883,103,698,883.tif
884,884,726,294,884.tif
885,885,599,778,885.tif
885,886,582.8865,9.8176,885.tif
886,886,55,782,886.tif
887,887,536,587,887.tif
888,330,374.2806,767.7582,888.tif
888,888,361,119,888.tif
889,889,730,19,889.tif
890,890,102,677,890.tif
891,891,639,728,891.tif
892,70,101.3636,372.6893,892.tif
892,892,372,191,892.tif
893,893,705,290,893.tif
894,894,415,726,894.tif
894,895,225.1323,548.5805,894.tif
895,894,418.8677,307.4195,895.tif
895,895,229,130,895.tif
896,896,256,232,896.tif
897,897,259,694,897.tif
898,898,256,272,898.tif
899,899,799,515,899.tif
900,900,212,326,900.tif
901,901,12,122,901.tif
901,903,153.9805,317.9883,901.tif
902,902,117,208,902.tif
903,903,595,168,903.tif
904,399,181.3974,115.9041,904.tif
904,904,190,217,904.tif
904,905,191.6456,107.0612,904.tif
905,399,701.7518,185.8429,905.tif
905,904,710.3544,286.9388,905.tif
905,905,712,177,905.tif
906,906,426,261,906.tif
907,907,583,114,907.tif
908,908,220,254,908.tif
909,909,391,446,909.tif
909,910,337.4853,351.189,909.tif
910,909,764.5147,446.811,910.tif
910,910,711,352,910.tif
911,911,739,14,911.tif
912,912,73,226,912.tif
912,913,151.2182,46.1237,912.tif
913,912,465.7818,725.8763,913.tif
913,913,544,546,913.tif
914,914,775,346,914.tif
914,915,559.2367,403.8925,914.tif
915,914,770.7633,78.1075,915.tif
915,915,555,136,915.tif
916,916,355,353,916.tif
917,194,185.1548,148.9699,917.tif
917,195,426.6196,195.9519,917.tif
917,917,800,612,917.tif
918,196,351.9291,461.0835,918.tif
918,918,145,509,918.tif
919,198,200.9808,566.4609,919.tif
919,919,264,552,919.tif
919,920,478.9411,622.3275,919.tif
920,197,783.4006,563.0405,920.tif
920,198,331.0397,143.1334,920.tif
920,919,394.0589,128.6725,920.tif
920,920,609,199,920.tif
921,921,590,368,921.tif
922,922,246,19,922.tif
922,925,266.112,211.383,922.tif
923,922,456.4264,477.4455,923.tif
923,923,439,269,923.tif
923,924,461.9861,412.2696,923.tif
923,925,476.5384,669.8285,923.tif
924,922,187.4403,548.1759,924.tif
924,923,170.0139,339.7304,924.tif
924,924,193,483,924.tif
924,925,207.5523,740.5589,924.tif
925,925,587,190,925.tif
926,926,704,178,926.tif
926,927,667.3571,102.1357,926.tif
926,928,655.4632,127.7842,926.tif
926,929,648.1958,108.5421,926.tif
926,930,651.4937,200.3791,926.tif
926,931,667.3381,199.1243,926.tif
926,934,486.6144,166.4561,926.tif
927,926,323.6429,347.8643,927.tif
927,927,287,272,927.tif
927,928,275.1061,297.6485,927.tif
927,929,267.8387,278.4064,927.tif
927,930,271.1366,370.2434,927.tif
927,931,286.981,368.9886,927.tif
927,934,106.2573,336.3204,927.tif
928,926,424.5368,244.2158,928.tif
928,927,387.8939,168.3515,928.tif
928,928,376,194,928.tif
928,929,368.7326,174.7579,928.tif
928,930,372.0305,266.5949,928.tif
928,931,387.8749,265.3401,928.tif
928,934,207.1512,232.6719,928.tif
929,926,116.8042,414.4579,929.tif
929,927,80.1613,338.5936,929.tif
929,928,68.2674,364.2421,929.tif
929,929,61,345,929.tif
929,930,64.2979,436.837,929.tif
929,931,80.1423,435.5822,929.tif
930,926,659.5063,729.6209,930.tif
930,927,622.8634,653.7566,930.tif
930,928,610.9695,679.4051,930.tif
930,929,603.7021,660.163,930.tif
930,930,607,752,930.tif
930,931,622.8444,750.7452,930.tif
930,934,442.1207,718.077,930.tif
931,926,782.6619,720.8757,931.tif
931,927,746.019,645.0114,931.tif
931,928,734.1251,670.6599,931.tif
931,929,726.8577,651.4178,931.tif
931,930,730.1556,743.2548,931.tif
931,931,746,742,931.tif
931,934,565.2763,709.3318,931.tif
932,932,250,421,932.tif
932,938,526.2393,8.2306,932.tif
933,933,130,255,933.tif
934,934,789,280,934.tif
935,935,263,301,935.tif
935,936,245.5244,323.8456,935.tif
935,937,522.8446,403.947,935.tif
935,938,561.9304,416.8554,935.tif
936,932,248.1667,674.7792,936.tif
936,935,225.4756,146.1544,936.tif
936,936,208,169,936.tif
936,937,485.3202,249.1014,936.tif
936,938,524.406,262.0098,936.tif
937,935,325.1554,409.053,937.tif
937,936,307.6798,431.8986,937.tif
937,937,585,512,937.tif
937,938,624.0858,524.9084,937.tif
938,932,91.7607,782.7694,938.tif
938,935,69.0696,254.1446,938.tif
938,936,51.594,276.9902,938.tif
938,937,328.9142,357.0916,938.tif
938,938,368,370,938.tif
939,939,750,349,939.tif
940,940,70,692,940.tif
941,941,280,137,941.tif
942,942,337,126,942.tif
943,943,513,239,943.tif
944,944,308,414,944.tif
944,945,177.8238,413.9785,944.tif
945,944,561.1762,39.0215,945.tif
945,945,431,39,945.tif
946,946,482,224,946.tif
947,947,241,352,947.tif
948,948,275,187,948.tif
948,950,575.0759,396.8594,948.tif
948,951,637.0827,405.046,948.tif
948,952,782.0757,513.7248,948.tif
949,949,134,692,949.tif
950,949,671.1146,694.74,950.tif
950,950,299,579,950.tif
950,951,361.0068,587.1866,950.tif
950,952,505.9998,695.8654,950.tif
951,950,438.9932,146.8134,951.tif
951,951,501,155,951.tif
951,952,645.993,263.6788,951.tif
952,949,669.1148,379.8746,952.tif
952,950,297.0002,264.1346,952.tif
952,951,359.007,272.3212,952.tif
952,952,504,381,952.tif
953,953,629,615,953.tif
954,953,156.5532,575.1073,954.tif
954,954,392,653,954.tif
955,955,59,32,955.tif
956,955,253.9839,667.6242,956.tif
956,956,234,322,956.tif
956,957,113.7104,36.9844,956.tif
956,967,503.3265,59.8333,956.tif
957,957,0,635,957.tif
957,958,8.2204,500.7951,957.tif
957,967,389.6161,657.8489,957.tif
958,957,711.7796,714.2049,958.tif
958,958,720,580,958.tif
958,959,591.0779,376.0842,958.tif
958,960,463.0527,392.6448,958.tif
958,961,426.681,369.955,958.tif
958,962,135.9677,275.4944,958.tif
959,957,670.7017,754.1207,959.tif
959,958,678.9221,619.9158,959.tif
959,959,550,416,959.tif
959,960,421.9748,432.5606,959.tif
959,961,385.6031,409.8708,959.tif
959,962,94.8898,315.4102,959.tif
960,958,691.9473,750.3552,960.tif
960,959,563.0252,546.4394,960.tif
960,960,435,563,960.tif
960,961,398.6283,540.3102,960.tif
960,962,107.915,445.8496,960.tif
961,953,323.1391,667.3579,961.tif
961,954,558.5859,745.2506,961.tif
961,961,771,34,961.tif
962,960,782.085,429.1504,962.tif
962,961,745.7133,406.4606,962.tif
962,962,455,312,962.tif
962,963,288.4763,206.5276,962.tif
963,963,737,91,963.tif
964,964,288,355,964.tif
964,965,283.7342,192.8712,964.tif
965,964,85.2658,444.1288,965.tif
965,965,81,282,965.tif
966,966,536,522,966.tif
967,955,65.6574,621.7909,967.tif
967,956,45.6735,276.1667,967.tif
967,967,315,14,967.tif
968,968,214,615,968.tif
969,969,42,308,969.tif
970,970,785,638,970.tif
970,972,763.1771,220.1064,970.tif
970,975,763.5167,242.3266,970.tif
971,971,385,179,971.tif
972,972,501,455,972.tif
972,975,501.3396,477.2202,972.tif
973,973,631,32,973.tif
974,974,125,777,974.tif
974,976,116.4563,474.0226,974.tif
974,977,68.43,69.9032,974.tif
974,978,103.3959,72.544,974.tif
975,972,530.6604,548.7798,975.tif
975,975,531,571,975.tif
976,973,665.8944,470.6048,976.tif
976,974,661.5437,360.9774,976.tif
976,976,653,58,976.tif
977,977,494,767,977.tif
977,978,528.9659,769.6408,977.tif
977,979,475.1962,364.721,977.tif
977,980,511.7875,162.0173,977.tif
977,981,515.9978,368.331,977.tif
978,974,365.6041,717.456,978.tif
978,976,357.0604,414.4786,978.tif
978,977,309.0341,10.3592,978.tif
978,978,344,13,978.tif
979,977,375.8038,531.279,979.tif
979,978,410.7697,533.9198,979.tif
979,979,357,129,979.tif
979,981,397.8016,132.61,979.tif
980,979,158.4087,570.7037,980.tif
980,980,195,368,980.tif
980,981,199.2103,574.3137,980.tif
981,979,83.1984,527.39,981.tif
981,980,119.7897,324.6863,981.tif
981,981,124,531,981.tif
982,982,54,430,982.tif
983,983,339,95,983.tif
984,984,646,484,984.tif
985,985,170,228,985.tif
986,986,307,520,986.tif
987,987,141,210,987.tif
988,988,307,344,988.tif
989,989,108,602,989.tif
990,990,767,525,990.tif
991,991,648,614,991.tif
992,992,319,795,992.tif
993,993,697,147,993.tif
994,993,44.232,204.3327,994.tif
994,994,478,335,994.tif
995,995,265,43,995.tif
996,996,658,589,996.tif
997,996,515.8345,42.7235,997.tif
997,997,617,474,997.tif
998,998,787,606,998.tif
999,999,180,321,999.tif
1001,1000,466.8791,569.7787,1001.tif
1001,1001,392,561,1001.tif
1002,1002,780,493,1002.tif
1003,1003,119,577,1003.tif
1004,1004,525,26,1004.tif
1004,1005,120.9165,26.2063,1004.tif
1005,1004,444.0835,195.7937,1005.tif
1005,1005,40,196,1005.tif
1006,839,677.7505,539.3178,1006.tif
1006,1006,205,549,1006.tif
1006,1010,712.5044,748.3928,1006.tif
1007,1007,448,293,1007.tif
1007,1008,33.5399,294.7681,1007.tif
1008,1007,587.4601,528.2319,1008.tif
1008,1008,173,530,1008.tif
1009,1009,257,455,1009.tif
1010,839,351.2461,243.925,1010.tif
1010,1010,386,453,1010.tif
1011,1011,109,499,1011.tif
